userId,firstname,lastname,description
3,Brendanus,Ihejirika,I'm just a solo.
4,Kelsey,Gardiner,I'm a drummer.
5,Deepa,Tiedemann,I love Davie504.
6,Derren,Dumont,I'm pro bassist.
7,Avital,Farrell,I am groot.
8,Sukhon,Wattana,I'm Steve.
9,Somchai,Wattana,I've won the piano compettion.
10,Malai,Wattana,pro guitar classic player
11,Shiro,Romagna,I've player violin since I was 5 years old.
12,Vassily,Pace,My favorite song is Ievan Polkka.
13,Mukul,Portelli,I like to play anime song.
14,Ladislao,Garbo,I'm a starter.
15,Valter,Aiello,I like to sing.
